{
  "episode_rewards": [
    -136.3674283791949,
    -139.83047148094167,
    -100.0,
    -134.2725530721699,
    -93.08735160201965,
    -100.0,
    -100.0,
    -58.25980095971423,
    -59.244234663166694,
    -59.4167797753625,
    -100.0,
    -100.0,
    -100.5355645107038
  ],
  "episode_lengths": [
    2,
    34,
    1,
    3,
    12,
    1,
    1,
    2,
    11,
    16,
    1,
    1,
    7
  ],
  "episode_successes": [
    0.0,
    0.0,
    0.0,
    0.0,
    0.0,
    0.0,
    0.0,
    0.0,
    0.0,
    0.0,
    0.0,
    0.0,
    0.0
  ],
  "episode_collisions": [
    1.0,
    1.0,
    1.0,
    1.0,
    1.0,
    1.0,
    1.0,
    1.0,
    1.0,
    1.0,
    1.0,
    1.0,
    1.0
  ],
  "policy_losses": [],
  "value_losses": [],
  "entropies": [],
  "best_reward": -Infinity,
  "best_success_rate": 0.0
}