{
  "episode_rewards": [
    54.35831417425578,
    -100.0,
    -100.0,
    -100.0,
    -100.0,
    -100.0,
    -100.0,
    -100.0,
    -100.0,
    -100.0,
    -100.0,
    -100.0,
    -100.0,
    -100.0,
    -100.0,
    -100.0,
    -9.886206209967455,
    -100.0,
    -100.0,
    -100.0,
    -100.0,
    -100.0,
    -100.0,
    -100.0,
    -100.0,
    -100.0,
    -100.0,
    -100.0,
    -100.0,
    -100.0,
    -100.0,
    -100.0,
    -100.0,
    -100.0,
    -100.0,
    -100.0,
    -100.0,
    -100.0,
    -100.0,
    -100.0,
    -100.0,
    -100.0,
    -100.0,
    -100.0,
    -100.0,
    -100.0,
    -100.0,
    -100.0,
    -100.0,
    -100.0,
    -88.37590215461579,
    -100.0,
    -100.0,
    -100.0,
    -100.0,
    -100.0,
    -100.0,
    -100.0,
    -100.0,
    -100.0,
    -100.0,
    -100.0,
    -100.0,
    -100.0,
    -100.0,
    -100.0,
    -100.0,
    -100.0,
    -100.0,
    -100.0,
    -100.0,
    -100.0,
    -100.0,
    -100.0,
    -100.0,
    -100.0,
    -100.0,
    -100.0,
    -100.0,
    -100.0,
    -100.0,
    -100.0,
    -100.0,
    -100.0,
    -100.0,
    -100.0,
    -100.0,
    -100.0,
    -100.0
  ],
  "episode_lengths": [
    188,
    1,
    1,
    1,
    1,
    1,
    1,
    1,
    1,
    1,
    1,
    1,
    1,
    1,
    1,
    1,
    129,
    1,
    1,
    1,
    1,
    1,
    1,
    1,
    1,
    1,
    1,
    1,
    1,
    1,
    1,
    1,
    1,
    1,
    1,
    1,
    1,
    1,
    1,
    1,
    1,
    1,
    1,
    1,
    1,
    1,
    1,
    1,
    1,
    1,
    22,
    1,
    1,
    1,
    1,
    1,
    1,
    1,
    1,
    1,
    1,
    1,
    1,
    1,
    1,
    1,
    1,
    1,
    1,
    1,
    1,
    1,
    1,
    1,
    1,
    1,
    1,
    1,
    1,
    1,
    1,
    1,
    1,
    1,
    1,
    1,
    1,
    1,
    1
  ],
  "episode_successes": [
    0.0,
    0.0,
    0.0,
    0.0,
    0.0,
    0.0,
    0.0,
    0.0,
    0.0,
    0.0,
    0.0,
    0.0,
    0.0,
    0.0,
    0.0,
    0.0,
    0.0,
    0.0,
    0.0,
    0.0,
    0.0,
    0.0,
    0.0,
    0.0,
    0.0,
    0.0,
    0.0,
    0.0,
    0.0,
    0.0,
    0.0,
    0.0,
    0.0,
    0.0,
    0.0,
    0.0,
    0.0,
    0.0,
    0.0,
    0.0,
    0.0,
    0.0,
    0.0,
    0.0,
    0.0,
    0.0,
    0.0,
    0.0,
    0.0,
    0.0,
    0.0,
    0.0,
    0.0,
    0.0,
    0.0,
    0.0,
    0.0,
    0.0,
    0.0,
    0.0,
    0.0,
    0.0,
    0.0,
    0.0,
    0.0,
    0.0,
    0.0,
    0.0,
    0.0,
    0.0,
    0.0,
    0.0,
    0.0,
    0.0,
    0.0,
    0.0,
    0.0,
    0.0,
    0.0,
    0.0,
    0.0,
    0.0,
    0.0,
    0.0,
    0.0,
    0.0,
    0.0,
    0.0,
    0.0
  ],
  "episode_collisions": [
    1.0,
    1.0,
    1.0,
    1.0,
    1.0,
    1.0,
    1.0,
    1.0,
    1.0,
    1.0,
    1.0,
    1.0,
    1.0,
    1.0,
    1.0,
    1.0,
    1.0,
    1.0,
    1.0,
    1.0,
    1.0,
    1.0,
    1.0,
    1.0,
    1.0,
    1.0,
    1.0,
    1.0,
    1.0,
    1.0,
    1.0,
    1.0,
    1.0,
    1.0,
    1.0,
    1.0,
    1.0,
    1.0,
    1.0,
    1.0,
    1.0,
    1.0,
    1.0,
    1.0,
    1.0,
    1.0,
    1.0,
    1.0,
    1.0,
    1.0,
    1.0,
    1.0,
    1.0,
    1.0,
    1.0,
    1.0,
    1.0,
    1.0,
    1.0,
    1.0,
    1.0,
    1.0,
    1.0,
    1.0,
    1.0,
    1.0,
    1.0,
    1.0,
    1.0,
    1.0,
    1.0,
    1.0,
    1.0,
    1.0,
    1.0,
    1.0,
    1.0,
    1.0,
    1.0,
    1.0,
    1.0,
    1.0,
    1.0,
    1.0,
    1.0,
    1.0,
    1.0,
    1.0,
    1.0
  ],
  "policy_losses": [],
  "value_losses": [],
  "entropies": [],
  "best_reward": -Infinity,
  "best_success_rate": 0.0
}