{
  "episode_rewards": [
    -138.77427584235875,
    -92.45721358970862,
    -100.10458257262256,
    -100.0,
    -100.0,
    -100.0,
    -100.0,
    -100.1455961057144,
    -108.34623369643666,
    -112.4611951832523,
    -100.0,
    -100.0,
    -100.0,
    -120.7479149397181,
    -100.0,
    -120.8589119772124,
    -109.06729982912553,
    -100.0,
    -100.09823482121729,
    -100.15724634826697,
    -100.19600457565552,
    -100.0,
    -100.0,
    -100.0,
    -110.2504161762968,
    -100.0,
    -100.8885770851538,
    -77.1284432316821,
    -100.0,
    -100.0,
    -100.82538583706366,
    -100.0,
    -125.42696595499292,
    -99.26047726749854,
    -74.22919305106717,
    -100.0,
    -100.0,
    -126.12604104657339,
    -100.0,
    -100.0,
    -100.0,
    -100.0,
    -86.25384559873359,
    -100.57919210727178,
    -115.45837011552631,
    -100.09468215897057,
    -100.0,
    -127.11243294750379,
    -100.0,
    -100.0
  ],
  "episode_lengths": [
    388,
    2,
    2,
    1,
    1,
    1,
    1,
    2,
    2,
    2,
    1,
    1,
    1,
    2,
    1,
    2,
    2,
    1,
    2,
    2,
    2,
    1,
    1,
    1,
    3,
    1,
    10,
    7,
    1,
    1,
    2,
    1,
    2,
    2,
    3,
    1,
    1,
    2,
    1,
    1,
    1,
    1,
    3,
    7,
    2,
    2,
    1,
    5,
    1,
    1
  ],
  "episode_successes": [
    0.0,
    0.0,
    0.0,
    0.0,
    0.0,
    0.0,
    0.0,
    0.0,
    0.0,
    0.0,
    0.0,
    0.0,
    0.0,
    0.0,
    0.0,
    0.0,
    0.0,
    0.0,
    0.0,
    0.0,
    0.0,
    0.0,
    0.0,
    0.0,
    0.0,
    0.0,
    0.0,
    0.0,
    0.0,
    0.0,
    0.0,
    0.0,
    0.0,
    0.0,
    0.0,
    0.0,
    0.0,
    0.0,
    0.0,
    0.0,
    0.0,
    0.0,
    0.0,
    0.0,
    0.0,
    0.0,
    0.0,
    0.0,
    0.0,
    0.0
  ],
  "episode_collisions": [
    1.0,
    1.0,
    1.0,
    1.0,
    1.0,
    1.0,
    1.0,
    1.0,
    1.0,
    1.0,
    1.0,
    1.0,
    1.0,
    1.0,
    1.0,
    1.0,
    1.0,
    1.0,
    1.0,
    1.0,
    1.0,
    1.0,
    1.0,
    1.0,
    1.0,
    1.0,
    1.0,
    1.0,
    1.0,
    1.0,
    1.0,
    1.0,
    1.0,
    1.0,
    1.0,
    1.0,
    1.0,
    1.0,
    1.0,
    1.0,
    1.0,
    1.0,
    1.0,
    1.0,
    1.0,
    1.0,
    1.0,
    1.0,
    1.0,
    1.0
  ],
  "policy_losses": [],
  "value_losses": [],
  "entropies": [],
  "best_reward": -Infinity,
  "best_success_rate": 0.0
}