{
  "episode_rewards": [
    -104.4529127129251,
    -100.0,
    -100.0,
    -100.0,
    -102.95168133275622,
    -100.0,
    -100.0,
    -100.0,
    -100.0,
    -100.0,
    -100.0,
    -100.0,
    -100.0,
    -100.0,
    -100.0,
    -100.0,
    -100.0,
    -100.0,
    -100.0,
    -100.0,
    -100.0,
    -100.0,
    -100.0,
    -100.0,
    -100.0,
    -100.0,
    -100.0,
    -100.0,
    -100.0,
    -100.0,
    -100.0,
    -100.0,
    -100.0,
    -100.0,
    -100.0,
    -100.0,
    -100.0,
    -100.0,
    -100.54211402445576,
    -100.0,
    -100.0,
    -100.0,
    -100.0,
    -100.0,
    -100.0,
    -100.0,
    -100.0,
    -100.0,
    -102.55721109560547,
    -100.0,
    -100.0,
    -103.0194781696363,
    -100.0,
    -100.0,
    -100.0,
    -100.0,
    -109.49263772243026,
    -100.0,
    -100.0,
    -100.0,
    -100.0,
    -100.0
  ],
  "episode_lengths": [
    28,
    1,
    1,
    1,
    18,
    1,
    1,
    1,
    1,
    1,
    1,
    1,
    1,
    1,
    1,
    1,
    1,
    1,
    1,
    1,
    1,
    1,
    1,
    1,
    1,
    1,
    1,
    1,
    1,
    1,
    1,
    1,
    1,
    1,
    1,
    1,
    1,
    1,
    5,
    1,
    1,
    1,
    1,
    1,
    1,
    1,
    1,
    1,
    23,
    1,
    1,
    25,
    1,
    1,
    1,
    1,
    68,
    1,
    1,
    1,
    1,
    1
  ],
  "episode_successes": [
    0.0,
    0.0,
    0.0,
    0.0,
    0.0,
    0.0,
    0.0,
    0.0,
    0.0,
    0.0,
    0.0,
    0.0,
    0.0,
    0.0,
    0.0,
    0.0,
    0.0,
    0.0,
    0.0,
    0.0,
    0.0,
    0.0,
    0.0,
    0.0,
    0.0,
    0.0,
    0.0,
    0.0,
    0.0,
    0.0,
    0.0,
    0.0,
    0.0,
    0.0,
    0.0,
    0.0,
    0.0,
    0.0,
    0.0,
    0.0,
    0.0,
    0.0,
    0.0,
    0.0,
    0.0,
    0.0,
    0.0,
    0.0,
    0.0,
    0.0,
    0.0,
    0.0,
    0.0,
    0.0,
    0.0,
    0.0,
    0.0,
    0.0,
    0.0,
    0.0,
    0.0,
    0.0
  ],
  "episode_collisions": [
    1.0,
    1.0,
    1.0,
    1.0,
    1.0,
    1.0,
    1.0,
    1.0,
    1.0,
    1.0,
    1.0,
    1.0,
    1.0,
    1.0,
    1.0,
    1.0,
    1.0,
    1.0,
    1.0,
    1.0,
    1.0,
    1.0,
    1.0,
    1.0,
    1.0,
    1.0,
    1.0,
    1.0,
    1.0,
    1.0,
    1.0,
    1.0,
    1.0,
    1.0,
    1.0,
    1.0,
    1.0,
    1.0,
    1.0,
    1.0,
    1.0,
    1.0,
    1.0,
    1.0,
    1.0,
    1.0,
    1.0,
    1.0,
    1.0,
    1.0,
    1.0,
    1.0,
    1.0,
    1.0,
    1.0,
    1.0,
    1.0,
    1.0,
    1.0,
    1.0,
    1.0,
    1.0
  ],
  "policy_losses": [],
  "value_losses": [],
  "entropies": [],
  "best_reward": -Infinity,
  "best_success_rate": 0.0
}