{
  "episode_rewards": [
    -50.90000000000044,
    -125.11359828216544,
    -100.0,
    -80.2308522989201,
    -100.0,
    -100.0,
    -100.0,
    -100.0,
    -79.6361625419388,
    -108.34623369643666,
    -112.4611951832523,
    -100.0,
    -100.0,
    -100.0,
    -120.92517183283626,
    -100.0,
    -120.8589119772124,
    -79.09203386228756,
    -100.0,
    -121.61311018340373,
    -100.15724634826697,
    -78.50983984237254,
    -121.6598259614657,
    -100.0,
    -87.81495809805074,
    -100.10828917992725,
    -54.83915051920126,
    -112.26161730023209,
    -76.64077502474808,
    -100.0,
    -100.0,
    -100.0,
    -100.0,
    -100.0,
    -86.44732720658702,
    -100.0,
    -100.0,
    -113.27735748714659,
    -100.0,
    -125.58431397281433,
    -88.53380088179892,
    -100.0,
    -100.0,
    -88.50631900110123,
    -100.47935069015524,
    -73.70958003935563,
    -100.0,
    -85.1290401159234,
    -116.67503322599119,
    -127.28587939612197,
    -100.0,
    -100.0,
    -112.22835021458295,
    -100.0,
    -84.77381544713094,
    -100.0,
    -100.24902276339753,
    -100.0030700663319,
    -100.0,
    -100.0,
    -100.0,
    -83.45476769857294,
    -100.38981917970501,
    -100.0,
    -88.36375885363968,
    -72.54097293087176,
    -100.0,
    -100.0,
    -112.18833659257464,
    -100.0,
    -88.18545426001744,
    -100.07863548892107,
    -112.39865510126764,
    -100.18726445433667,
    -116.62605110804427,
    -100.2473657568966,
    -100.14521269593051,
    -100.25556149789811,
    -99.54311659405857,
    -70.77579049646417,
    -100.0,
    -74.47778440794369,
    -112.13883693921082,
    -100.0,
    -100.0,
    -100.0,
    -100.0,
    -100.15273409920296,
    -82.9258785802287,
    -100.0,
    -68.92678653902995,
    -100.0,
    -118.75274475087377,
    -100.34841158471193,
    -81.90249908127075,
    -100.33394569160782,
    -100.0,
    -100.0,
    -100.0,
    -81.66091490701375
  ],
  "episode_lengths": [
    500,
    328,
    1,
    2,
    1,
    1,
    1,
    1,
    2,
    2,
    2,
    1,
    1,
    1,
    2,
    1,
    2,
    2,
    1,
    2,
    2,
    2,
    2,
    1,
    2,
    2,
    6,
    3,
    2,
    1,
    1,
    1,
    1,
    1,
    3,
    1,
    1,
    2,
    1,
    3,
    8,
    1,
    1,
    6,
    3,
    2,
    1,
    5,
    5,
    2,
    1,
    1,
    2,
    1,
    2,
    1,
    3,
    2,
    1,
    1,
    1,
    2,
    3,
    1,
    3,
    2,
    1,
    1,
    2,
    1,
    3,
    2,
    3,
    3,
    3,
    3,
    2,
    3,
    3,
    2,
    1,
    30,
    2,
    1,
    1,
    1,
    1,
    2,
    2,
    1,
    2,
    1,
    2,
    3,
    6,
    4,
    1,
    1,
    1,
    2
  ],
  "episode_successes": [
    0.0,
    0.0,
    0.0,
    0.0,
    0.0,
    0.0,
    0.0,
    0.0,
    0.0,
    0.0,
    0.0,
    0.0,
    0.0,
    0.0,
    0.0,
    0.0,
    0.0,
    0.0,
    0.0,
    0.0,
    0.0,
    0.0,
    0.0,
    0.0,
    0.0,
    0.0,
    0.0,
    0.0,
    0.0,
    0.0,
    0.0,
    0.0,
    0.0,
    0.0,
    0.0,
    0.0,
    0.0,
    0.0,
    0.0,
    0.0,
    0.0,
    0.0,
    0.0,
    0.0,
    0.0,
    0.0,
    0.0,
    0.0,
    0.0,
    0.0,
    0.0,
    0.0,
    0.0,
    0.0,
    0.0,
    0.0,
    0.0,
    0.0,
    0.0,
    0.0,
    0.0,
    0.0,
    0.0,
    0.0,
    0.0,
    0.0,
    0.0,
    0.0,
    0.0,
    0.0,
    0.0,
    0.0,
    0.0,
    0.0,
    0.0,
    0.0,
    0.0,
    0.0,
    0.0,
    0.0,
    0.0,
    0.0,
    0.0,
    0.0,
    0.0,
    0.0,
    0.0,
    0.0,
    0.0,
    0.0,
    0.0,
    0.0,
    0.0,
    0.0,
    0.0,
    0.0,
    0.0,
    0.0,
    0.0,
    0.0
  ],
  "episode_collisions": [
    0.0,
    1.0,
    1.0,
    1.0,
    1.0,
    1.0,
    1.0,
    1.0,
    1.0,
    1.0,
    1.0,
    1.0,
    1.0,
    1.0,
    1.0,
    1.0,
    1.0,
    1.0,
    1.0,
    1.0,
    1.0,
    1.0,
    1.0,
    1.0,
    1.0,
    1.0,
    1.0,
    1.0,
    1.0,
    1.0,
    1.0,
    1.0,
    1.0,
    1.0,
    1.0,
    1.0,
    1.0,
    1.0,
    1.0,
    1.0,
    1.0,
    1.0,
    1.0,
    1.0,
    1.0,
    1.0,
    1.0,
    1.0,
    1.0,
    1.0,
    1.0,
    1.0,
    1.0,
    1.0,
    1.0,
    1.0,
    1.0,
    1.0,
    1.0,
    1.0,
    1.0,
    1.0,
    1.0,
    1.0,
    1.0,
    1.0,
    1.0,
    1.0,
    1.0,
    1.0,
    1.0,
    1.0,
    1.0,
    1.0,
    1.0,
    1.0,
    1.0,
    1.0,
    1.0,
    1.0,
    1.0,
    1.0,
    1.0,
    1.0,
    1.0,
    1.0,
    1.0,
    1.0,
    1.0,
    1.0,
    1.0,
    1.0,
    1.0,
    1.0,
    1.0,
    1.0,
    1.0,
    1.0,
    1.0,
    1.0
  ],
  "policy_losses": [],
  "value_losses": [],
  "entropies": [],
  "best_reward": -98.01052531931451,
  "best_success_rate": 0.0
}