{
  "episodes": [
    1,
    2,
    3,
    4,
    5,
    6,
    7,
    8,
    9,
    10,
    11,
    12,
    13,
    14,
    15,
    16,
    17,
    18,
    19,
    20,
    21,
    22,
    23,
    24,
    25,
    26,
    27,
    28,
    29,
    30,
    31,
    32,
    33,
    34,
    35,
    36,
    37,
    38,
    39,
    40,
    41,
    42,
    43,
    44,
    45,
    46,
    47,
    48,
    49,
    50
  ],
  "rewards": [
    -100.12276577900302,
    -100.23808567509478,
    -100.37560885461939,
    -100.2431501482542,
    -100.0,
    -100.73563930641481,
    -100.0,
    -100.0,
    -100.0,
    -100.0,
    -100.0,
    -100.2382613758156,
    -100.36751401567388,
    -100.23863234731165,
    -100.0,
    -100.0,
    -100.0,
    -100.0,
    -100.0,
    -100.0,
    -100.0,
    -100.0,
    -100.0,
    -100.0,
    -100.0,
    -100.0,
    -100.0,
    -100.0,
    -100.0,
    -100.0,
    -100.0,
    -100.0,
    -100.0,
    -100.0,
    -100.0,
    -100.0,
    -100.0,
    -100.0,
    -100.0,
    -100.0,
    -100.0,
    -100.0,
    -100.0,
    -100.0,
    -100.0,
    -100.0,
    -100.0,
    -100.0,
    -100.0,
    -100.0
  ],
  "lengths": [
    2,
    3,
    4,
    3,
    1,
    7,
    1,
    1,
    1,
    1,
    1,
    3,
    4,
    3,
    1,
    1,
    1,
    1,
    1,
    1,
    1,
    1,
    1,
    1,
    1,
    1,
    1,
    1,
    1,
    1,
    1,
    1,
    1,
    1,
    1,
    1,
    1,
    1,
    1,
    1,
    1,
    1,
    1,
    1,
    1,
    1,
    1,
    1,
    1,
    1
  ],
  "successes": [
    false,
    false,
    false,
    false,
    false,
    false,
    false,
    false,
    false,
    false,
    false,
    false,
    false,
    false,
    false,
    false,
    false,
    false,
    false,
    false,
    false,
    false,
    false,
    false,
    false,
    false,
    false,
    false,
    false,
    false,
    false,
    false,
    false,
    false,
    false,
    false,
    false,
    false,
    false,
    false,
    false,
    false,
    false,
    false,
    false,
    false,
    false,
    false,
    false,
    false
  ],
  "collisions": [
    true,
    true,
    true,
    true,
    true,
    true,
    true,
    true,
    true,
    true,
    true,
    true,
    true,
    true,
    true,
    true,
    true,
    true,
    true,
    true,
    true,
    true,
    true,
    true,
    true,
    true,
    true,
    true,
    true,
    true,
    true,
    true,
    true,
    true,
    true,
    true,
    true,
    true,
    true,
    true,
    true,
    true,
    true,
    true,
    true,
    true,
    true,
    true,
    true,
    true
  ],
  "timeouts": [
    false,
    false,
    false,
    false,
    false,
    false,
    false,
    false,
    false,
    false,
    false,
    false,
    false,
    false,
    false,
    false,
    false,
    false,
    false,
    false,
    false,
    false,
    false,
    false,
    false,
    false,
    false,
    false,
    false,
    false,
    false,
    false,
    false,
    false,
    false,
    false,
    false,
    false,
    false,
    false,
    false,
    false,
    false,
    false,
    false,
    false,
    false,
    false,
    false,
    false
  ],
  "path_lengths": [
    0.002423750580869363,
    0.003628824018278043,
    0.007749511160338616,
    0.0036955883687746645,
    0.0,
    0.011680092818667777,
    0.0,
    0.0,
    0.0,
    0.0,
    0.0,
    0.0037329187020404197,
    0.007273268545209089,
    0.0035321507858009174,
    0.0,
    0.0,
    0.0,
    0.0,
    0.0,
    0.0,
    0.0,
    0.0,
    0.0,
    0.0,
    0.0,
    0.0,
    0.0,
    0.0,
    0.0,
    0.0,
    0.0,
    0.0,
    0.0,
    0.0,
    0.0,
    0.0,
    0.0,
    0.0,
    0.0,
    0.0,
    0.0,
    0.0,
    0.0,
    0.0,
    0.0,
    0.0,
    0.0,
    0.0,
    0.0,
    0.0
  ],
  "min_distances_to_goal": [
    4.7184744306917965,
    4.722072309426242,
    4.726960072286869,
    4.7347161917670935,
    4.739197256167863,
    4.74169409407432,
    4.752616984360456,
    4.754572955376787,
    4.756874737393905,
    4.758765907755217,
    4.760608015256923,
    4.762715918661933,
    4.767247250853017,
    4.774488009647178,
    4.779121137364771,
    4.781036539025161,
    4.783540542006332,
    4.785370668939682,
    4.787067066669778,
    4.7891461181599855,
    4.7909942853926655,
    4.792697456163969,
    4.794608077545687,
    4.796113489104092,
    4.7981258529607995,
    4.799734139124406,
    4.801736783230563,
    4.803349403948735,
    4.805221833840076,
    4.806954828834669,
    4.809145675277294,
    4.81091226380495,
    4.81277396659407,
    4.814615243610477,
    4.816506926797169,
    4.8185335288348865,
    4.82048726942691,
    4.822316796879058,
    4.823967432572368,
    4.82572175485413,
    4.827523891356445,
    4.829252139522639,
    4.830905197192727,
    4.832884668688563,
    4.834909908453932,
    4.836688548246614,
    4.838436033990465,
    4.840129242483219,
    4.8418205583316,
    4.843524997704574
  ],
  "aggregate": {
    "mean_reward": -100.05119315004374,
    "std_reward": 0.13644551455597342,
    "mean_length": 1.42,
    "std_length": 1.115168148756052,
    "success_rate": 0.0,
    "collision_rate": 1.0,
    "timeout_rate": 0.0,
    "mean_path_length": 0.0008743220995995778,
    "n_episodes": 50
  },
  "model": "models/rosi_ppo_maze_1_20260125_024342/best_reward.pt",
  "maze": "maze_1.world",
  "goal": [
    2.0,
    2.0
  ]
}