{
  "episodes": [
    1,
    2,
    3,
    4,
    5
  ],
  "rewards": [
    -60.15907362448894,
    -103.24997346440428,
    -107.30505837562052,
    -100.0,
    -100.22888292691113
  ],
  "lengths": [
    500,
    28,
    61,
    1,
    3
  ],
  "successes": [
    false,
    false,
    false,
    false,
    false
  ],
  "collisions": [
    false,
    true,
    true,
    true,
    true
  ],
  "timeouts": [
    true,
    false,
    false,
    false,
    false
  ],
  "path_lengths": [
    1.1182900926518675,
    0.04840845814849062,
    0.10450109504349671,
    0.0,
    0.003270171877356483
  ],
  "min_distances_to_goal": [
    4.708445445300499,
    5.576662995592383,
    5.619743220796223,
    5.7104032937329725,
    5.711896169462348
  ],
  "aggregate": {
    "mean_reward": -94.18859767828498,
    "std_reward": 17.21868765335794,
    "mean_length": 118.6,
    "std_length": 191.92977882548604,
    "success_rate": 0.0,
    "collision_rate": 0.8,
    "timeout_rate": 0.2,
    "mean_path_length": 0.2548939635442423,
    "n_episodes": 5
  },
  "model": "models/rosi_ppo_maze_1_20260125_024342/best_reward.pt",
  "maze": "maze_1.world",
  "goal": [
    2.0,
    2.0
  ]
}