{
  "episode_rewards": [
    -88.69186390329887,
    -27.22774763016956,
    -89.46311287475807,
    -58.81233952437251,
    0.1528475826158484,
    -79.4175971623626,
    -7.698844052768024,
    -69.03895594515257,
    -79.03889497038023,
    -58.558094619603565,
    -38.10327460343549,
    -38.12821752532631,
    -79.19067930970263,
    -27.910858512200463,
    -99.92581950479774,
    -7.789367321282896,
    -78.96767124905304,
    -27.444362765199784,
    -79.12079561401457,
    21.233619278292622,
    -89.52006768612613,
    -58.69320336330007,
    -80.39557571420232,
    2.380846499213277,
    -100.10013103580575,
    -17.31620256931373,
    -89.51079104650034,
    -89.67487327310684,
    -48.34791519328477,
    -100.0,
    -16.874335416594107,
    -58.61910779952704,
    -48.53739177737411,
    -57.98066216378962,
    -7.6841346273283335,
    -79.47913407995796,
    -7.598989484320157,
    -68.7117469165468,
    12.403763644153997,
    -99.94248076390656,
    23.655770623918016,
    -7.708191565531379,
    -89.56518784507276,
    -17.702097320848495,
    2.9512526860521717,
    -100.0,
    -91.2733899422258,
    12.225322159267023,
    -99.7922627141371,
    2.45104057985084,
    -89.12313602955369,
    -7.909631620825522,
    -100.24444392261613,
    -89.42297732364175,
    -7.741745967333173,
    -79.1493307988003,
    -27.557855262301374,
    -68.77107894425372,
    -38.255002069673424,
    -79.02946269730006,
    -18.112569962219922,
    -89.35400430025992,
    -17.650312366847558,
    -58.86747914710334,
    52.9692917238595,
    -7.86222539828357,
    -47.88853101514614,
    2.426274827726303,
    -89.64696404709724,
    -27.341656267267126,
    -100.0,
    12.663164155821079,
    -99.94268963523658,
    12.804941093496126,
    -99.67364552955912,
    -17.877335300740114,
    -17.656318225541952,
    -79.03523768048174,
    -38.13389271045636,
    -68.90172075786285,
    2.467134557027336,
    -89.52245091638372,
    -16.80051171499811,
    -79.18339526480204,
    -8.133451516758683,
    -79.36814847799226,
    -17.585364646128284,
    -99.95116099029934,
    -17.340575414396355,
    -78.97801719372201,
    -17.603694282393974,
    -89.51098050025614,
    -18.056747107207187,
    -89.69349144494996,
    -27.676966014485203,
    -27.88222983571076,
    -78.48826089603862,
    2.2545600117132523,
    -7.429123950705943,
    2.0590957651365756
  ],
  "episode_lengths": [
    16,
    31,
    8,
    14,
    35,
    8,
    27,
    12,
    12,
    19,
    23,
    22,
    11,
    26,
    2,
    27,
    13,
    30,
    11,
    37,
    10,
    17,
    12,
    27,
    2,
    32,
    8,
    5,
    23,
    1,
    39,
    17,
    19,
    24,
    28,
    8,
    28,
    15,
    34,
    2,
    44,
    29,
    11,
    28,
    36,
    1,
    12,
    30,
    4,
    30,
    13,
    29,
    7,
    8,
    26,
    11,
    28,
    15,
    21,
    13,
    31,
    9,
    30,
    15,
    47,
    28,
    24,
    38,
    6,
    30,
    1,
    30,
    2,
    33,
    5,
    27,
    28,
    12,
    22,
    14,
    29,
    10,
    38,
    11,
    34,
    12,
    28,
    2,
    32,
    13,
    28,
    8,
    28,
    6,
    29,
    29,
    18,
    28,
    32,
    29
  ],
  "episode_successes": [
    0.0,
    0.0,
    0.0,
    0.0,
    0.0,
    0.0,
    0.0,
    0.0,
    0.0,
    0.0,
    0.0,
    0.0,
    0.0,
    0.0,
    0.0,
    0.0,
    0.0,
    0.0,
    0.0,
    0.0,
    0.0,
    0.0,
    0.0,
    0.0,
    0.0,
    0.0,
    0.0,
    0.0,
    0.0,
    0.0,
    0.0,
    0.0,
    0.0,
    0.0,
    0.0,
    0.0,
    0.0,
    0.0,
    0.0,
    0.0,
    0.0,
    0.0,
    0.0,
    0.0,
    0.0,
    0.0,
    0.0,
    0.0,
    0.0,
    0.0,
    0.0,
    0.0,
    0.0,
    0.0,
    0.0,
    0.0,
    0.0,
    0.0,
    0.0,
    0.0,
    0.0,
    0.0,
    0.0,
    0.0,
    0.0,
    0.0,
    0.0,
    0.0,
    0.0,
    0.0,
    0.0,
    0.0,
    0.0,
    0.0,
    0.0,
    0.0,
    0.0,
    0.0,
    0.0,
    0.0,
    0.0,
    0.0,
    0.0,
    0.0,
    0.0,
    0.0,
    0.0,
    0.0,
    0.0,
    0.0,
    0.0,
    0.0,
    0.0,
    0.0,
    0.0,
    0.0,
    0.0,
    0.0,
    0.0,
    0.0
  ],
  "episode_collisions": [
    1.0,
    1.0,
    1.0,
    1.0,
    1.0,
    1.0,
    1.0,
    1.0,
    1.0,
    1.0,
    1.0,
    1.0,
    1.0,
    1.0,
    1.0,
    1.0,
    1.0,
    1.0,
    1.0,
    1.0,
    1.0,
    1.0,
    1.0,
    1.0,
    1.0,
    1.0,
    1.0,
    1.0,
    1.0,
    1.0,
    1.0,
    1.0,
    1.0,
    1.0,
    1.0,
    1.0,
    1.0,
    1.0,
    1.0,
    1.0,
    1.0,
    1.0,
    1.0,
    1.0,
    1.0,
    1.0,
    1.0,
    1.0,
    1.0,
    1.0,
    1.0,
    1.0,
    1.0,
    1.0,
    1.0,
    1.0,
    1.0,
    1.0,
    1.0,
    1.0,
    1.0,
    1.0,
    1.0,
    1.0,
    1.0,
    1.0,
    1.0,
    1.0,
    1.0,
    1.0,
    1.0,
    1.0,
    1.0,
    1.0,
    1.0,
    1.0,
    1.0,
    1.0,
    1.0,
    1.0,
    1.0,
    1.0,
    1.0,
    1.0,
    1.0,
    1.0,
    1.0,
    1.0,
    1.0,
    1.0,
    1.0,
    1.0,
    1.0,
    1.0,
    1.0,
    1.0,
    1.0,
    1.0,
    1.0,
    1.0
  ],
  "policy_losses": [],
  "value_losses": [],
  "entropies": [],
  "best_reward": -47.02811261346165,
  "best_success_rate": 0.0
}