{
  "episode_rewards": [
    -111.72116311633539,
    -100.0,
    -100.0,
    -100.0,
    -100.0,
    -100.0,
    -100.0,
    -100.0,
    -100.0,
    -100.0,
    -100.0,
    -100.0,
    -100.0,
    -100.0,
    -100.0,
    -100.0,
    -100.0,
    -100.0,
    -100.0,
    -100.0,
    -100.0,
    -100.0,
    -100.0,
    -100.0,
    -100.0,
    -100.0,
    -100.0,
    -100.0,
    -100.0,
    -100.0,
    -100.0,
    -100.0,
    -100.0,
    -100.0,
    -100.0,
    -100.0,
    -100.0,
    -100.0,
    -100.0,
    -100.0,
    -100.0,
    -100.0,
    -100.0,
    -100.0,
    -100.0,
    -100.0,
    -100.0,
    -100.0,
    -100.0,
    -100.0,
    -100.0,
    -100.0,
    -100.0,
    -100.0,
    -100.8708290878613,
    -102.0833996852198,
    -100.0,
    -100.0,
    -103.71740176028123,
    -100.46839408640132,
    -100.0,
    -100.0,
    -100.0,
    -100.0,
    -100.0,
    -100.0,
    -100.0,
    -100.0,
    -100.0,
    -100.0,
    -100.0,
    -100.0,
    -100.0,
    -100.0,
    -100.0,
    -100.0,
    -100.0,
    -100.0,
    -100.0,
    -100.0,
    -100.0,
    -100.0,
    -100.0,
    -100.0,
    -100.0,
    -100.0,
    -100.0,
    -100.0,
    -100.0,
    -100.0,
    -100.0,
    -100.0,
    -100.0,
    -100.0,
    -100.0,
    -100.0,
    -100.0,
    -100.4813069361694,
    -100.0,
    -100.0
  ],
  "episode_lengths": [
    70,
    1,
    1,
    1,
    1,
    1,
    1,
    1,
    1,
    1,
    1,
    1,
    1,
    1,
    1,
    1,
    1,
    1,
    1,
    1,
    1,
    1,
    1,
    1,
    1,
    1,
    1,
    1,
    1,
    1,
    1,
    1,
    1,
    1,
    1,
    1,
    1,
    1,
    1,
    1,
    1,
    1,
    1,
    1,
    1,
    1,
    1,
    1,
    1,
    1,
    1,
    1,
    1,
    1,
    6,
    21,
    1,
    1,
    44,
    4,
    1,
    1,
    1,
    1,
    1,
    1,
    1,
    1,
    1,
    1,
    1,
    1,
    1,
    1,
    1,
    1,
    1,
    1,
    1,
    1,
    1,
    1,
    1,
    1,
    1,
    1,
    1,
    1,
    1,
    1,
    1,
    1,
    1,
    1,
    1,
    1,
    1,
    9,
    1,
    1
  ],
  "episode_successes": [
    0.0,
    0.0,
    0.0,
    0.0,
    0.0,
    0.0,
    0.0,
    0.0,
    0.0,
    0.0,
    0.0,
    0.0,
    0.0,
    0.0,
    0.0,
    0.0,
    0.0,
    0.0,
    0.0,
    0.0,
    0.0,
    0.0,
    0.0,
    0.0,
    0.0,
    0.0,
    0.0,
    0.0,
    0.0,
    0.0,
    0.0,
    0.0,
    0.0,
    0.0,
    0.0,
    0.0,
    0.0,
    0.0,
    0.0,
    0.0,
    0.0,
    0.0,
    0.0,
    0.0,
    0.0,
    0.0,
    0.0,
    0.0,
    0.0,
    0.0,
    0.0,
    0.0,
    0.0,
    0.0,
    0.0,
    0.0,
    0.0,
    0.0,
    0.0,
    0.0,
    0.0,
    0.0,
    0.0,
    0.0,
    0.0,
    0.0,
    0.0,
    0.0,
    0.0,
    0.0,
    0.0,
    0.0,
    0.0,
    0.0,
    0.0,
    0.0,
    0.0,
    0.0,
    0.0,
    0.0,
    0.0,
    0.0,
    0.0,
    0.0,
    0.0,
    0.0,
    0.0,
    0.0,
    0.0,
    0.0,
    0.0,
    0.0,
    0.0,
    0.0,
    0.0,
    0.0,
    0.0,
    0.0,
    0.0,
    0.0
  ],
  "episode_collisions": [
    1.0,
    1.0,
    1.0,
    1.0,
    1.0,
    1.0,
    1.0,
    1.0,
    1.0,
    1.0,
    1.0,
    1.0,
    1.0,
    1.0,
    1.0,
    1.0,
    1.0,
    1.0,
    1.0,
    1.0,
    1.0,
    1.0,
    1.0,
    1.0,
    1.0,
    1.0,
    1.0,
    1.0,
    1.0,
    1.0,
    1.0,
    1.0,
    1.0,
    1.0,
    1.0,
    1.0,
    1.0,
    1.0,
    1.0,
    1.0,
    1.0,
    1.0,
    1.0,
    1.0,
    1.0,
    1.0,
    1.0,
    1.0,
    1.0,
    1.0,
    1.0,
    1.0,
    1.0,
    1.0,
    1.0,
    1.0,
    1.0,
    1.0,
    1.0,
    1.0,
    1.0,
    1.0,
    1.0,
    1.0,
    1.0,
    1.0,
    1.0,
    1.0,
    1.0,
    1.0,
    1.0,
    1.0,
    1.0,
    1.0,
    1.0,
    1.0,
    1.0,
    1.0,
    1.0,
    1.0,
    1.0,
    1.0,
    1.0,
    1.0,
    1.0,
    1.0,
    1.0,
    1.0,
    1.0,
    1.0,
    1.0,
    1.0,
    1.0,
    1.0,
    1.0,
    1.0,
    1.0,
    1.0,
    1.0,
    1.0
  ],
  "policy_losses": [],
  "value_losses": [],
  "entropies": [],
  "best_reward": -100.1934249467227,
  "best_success_rate": 0.0
}