{
  "episode_rewards": [
    -105.38032089994927,
    -101.89655632090584,
    -102.95103570238352,
    -100.0,
    -103.02257661653694,
    -100.0,
    -104.67541413102985,
    -100.0,
    -105.03721367800999,
    -100.0,
    -102.53167657849491,
    -100.0,
    -104.08893471546463,
    -100.0,
    -103.15464776399116,
    -100.0,
    -100.0,
    -103.23113049257869,
    -100.0,
    -100.0,
    -104.36415279485891,
    -100.0,
    -100.0,
    -101.99030561945013,
    -100.0,
    -100.0,
    -104.35703396201134,
    -100.0,
    -100.0,
    -103.43231993404028,
    -100.0,
    -100.0,
    -101.24284720700213,
    -100.0,
    -100.0,
    -100.0,
    -99.42841319030663,
    -100.0,
    -95.85746364058618,
    -112.53685701731618
  ],
  "episode_lengths": [
    24,
    6,
    10,
    1,
    8,
    1,
    10,
    1,
    10,
    1,
    11,
    1,
    9,
    1,
    9,
    1,
    1,
    7,
    1,
    1,
    10,
    1,
    1,
    13,
    1,
    1,
    10,
    1,
    1,
    9,
    1,
    1,
    12,
    1,
    1,
    1,
    10,
    1,
    17,
    45
  ],
  "episode_successes": [
    0.0,
    0.0,
    0.0,
    0.0,
    0.0,
    0.0,
    0.0,
    0.0,
    0.0,
    0.0,
    0.0,
    0.0,
    0.0,
    0.0,
    0.0,
    0.0,
    0.0,
    0.0,
    0.0,
    0.0,
    0.0,
    0.0,
    0.0,
    0.0,
    0.0,
    0.0,
    0.0,
    0.0,
    0.0,
    0.0,
    0.0,
    0.0,
    0.0,
    0.0,
    0.0,
    0.0,
    0.0,
    0.0,
    0.0,
    0.0
  ],
  "episode_collisions": [
    1.0,
    1.0,
    1.0,
    1.0,
    1.0,
    1.0,
    1.0,
    1.0,
    1.0,
    1.0,
    1.0,
    1.0,
    1.0,
    1.0,
    1.0,
    1.0,
    1.0,
    1.0,
    1.0,
    1.0,
    1.0,
    1.0,
    1.0,
    1.0,
    1.0,
    1.0,
    1.0,
    1.0,
    1.0,
    1.0,
    1.0,
    1.0,
    1.0,
    1.0,
    1.0,
    1.0,
    1.0,
    1.0,
    1.0,
    1.0
  ],
  "policy_losses": [],
  "value_losses": [],
  "entropies": [],
  "best_reward": -Infinity,
  "best_success_rate": 0.0
}