{
  "episode_rewards": [
    70.99306648565812,
    100.0,
    100.0,
    100.0,
    100.0,
    99.79336644558374,
    100.0,
    100.0,
    100.0,
    99.81252226077801,
    100.0,
    100.0,
    100.0
  ],
  "episode_lengths": [
    223,
    1,
    1,
    1,
    1,
    2,
    1,
    1,
    1,
    2,
    1,
    1,
    1
  ],
  "episode_successes": [
    1.0,
    1.0,
    1.0,
    1.0,
    1.0,
    1.0,
    1.0,
    1.0,
    1.0,
    1.0,
    1.0,
    1.0,
    1.0
  ],
  "episode_collisions": [
    0.0,
    0.0,
    0.0,
    0.0,
    0.0,
    0.0,
    0.0,
    0.0,
    0.0,
    0.0,
    0.0,
    0.0,
    0.0
  ],
  "policy_losses": [],
  "value_losses": [],
  "entropies": [],
  "best_reward": -Infinity,
  "best_success_rate": 0.0
}