{
  "episode_rewards": [
    -73.80233084152523,
    -78.62605268641258,
    -82.06639830577832,
    -148.01498385862527,
    -131.01908220124062,
    -100.18473462269465,
    -100.89240982669325,
    -102.57623891350659,
    -129.28886777105964,
    -100.0,
    -127.22624493775982,
    -127.29655339566816,
    -133.28816710886974,
    -100.55750361240783,
    -79.5849160414097,
    -69.48435465461075,
    -100.0,
    -100.0,
    -100.07720975304264,
    -100.0,
    -100.0,
    -100.0,
    -100.48175764450967,
    -136.76277177364523,
    -100.42463660401187,
    -100.0,
    -100.0,
    -100.0,
    -99.99135520806315,
    -100.0,
    -99.98921578416433,
    -100.0,
    -100.0,
    -100.0,
    -100.0,
    -100.0,
    -100.1418846927509,
    -100.0,
    -100.0,
    -100.0,
    -100.0,
    -100.0,
    -100.19066687494825,
    -100.0,
    -100.0,
    -100.0,
    -100.0,
    -93.89919238474175,
    -100.0,
    -100.0,
    -73.11868093210663,
    -100.0,
    -74.00790506902652,
    -100.23671584533734,
    -100.0,
    -100.0,
    -102.11320121221668,
    -74.61091591671116,
    -100.0,
    -100.210634804816,
    -100.0,
    -100.0,
    -100.13599488755847,
    -100.0,
    -100.23664543648191,
    -100.0,
    -74.10877443745609,
    -75.73524682127268,
    -100.17681057025452,
    -100.0,
    -127.84281651527469,
    -100.0,
    -146.48023014750342,
    -100.15126081673215,
    -100.0,
    -100.0,
    -138.7307453955631,
    -100.0,
    -100.0,
    -60.99371855069477,
    -100.0,
    -100.0
  ],
  "episode_lengths": [
    500,
    500,
    500,
    96,
    4,
    2,
    5,
    18,
    12,
    1,
    3,
    6,
    52,
    6,
    297,
    5,
    1,
    1,
    2,
    1,
    1,
    1,
    3,
    11,
    4,
    1,
    1,
    1,
    2,
    1,
    2,
    1,
    1,
    1,
    1,
    1,
    2,
    1,
    1,
    1,
    1,
    1,
    2,
    1,
    1,
    1,
    1,
    2,
    1,
    1,
    2,
    1,
    3,
    2,
    1,
    1,
    19,
    6,
    1,
    2,
    1,
    1,
    2,
    1,
    2,
    1,
    2,
    20,
    2,
    1,
    2,
    1,
    102,
    2,
    1,
    1,
    2,
    1,
    1,
    2,
    1,
    1
  ],
  "episode_successes": [
    0.0,
    0.0,
    0.0,
    0.0,
    0.0,
    0.0,
    0.0,
    0.0,
    0.0,
    0.0,
    0.0,
    0.0,
    0.0,
    0.0,
    0.0,
    0.0,
    0.0,
    0.0,
    0.0,
    0.0,
    0.0,
    0.0,
    0.0,
    0.0,
    0.0,
    0.0,
    0.0,
    0.0,
    0.0,
    0.0,
    0.0,
    0.0,
    0.0,
    0.0,
    0.0,
    0.0,
    0.0,
    0.0,
    0.0,
    0.0,
    0.0,
    0.0,
    0.0,
    0.0,
    0.0,
    0.0,
    0.0,
    0.0,
    0.0,
    0.0,
    0.0,
    0.0,
    0.0,
    0.0,
    0.0,
    0.0,
    0.0,
    0.0,
    0.0,
    0.0,
    0.0,
    0.0,
    0.0,
    0.0,
    0.0,
    0.0,
    0.0,
    0.0,
    0.0,
    0.0,
    0.0,
    0.0,
    0.0,
    0.0,
    0.0,
    0.0,
    0.0,
    0.0,
    0.0,
    0.0,
    0.0,
    0.0
  ],
  "episode_collisions": [
    0.0,
    0.0,
    0.0,
    1.0,
    1.0,
    1.0,
    1.0,
    1.0,
    1.0,
    1.0,
    1.0,
    1.0,
    1.0,
    1.0,
    1.0,
    1.0,
    1.0,
    1.0,
    1.0,
    1.0,
    1.0,
    1.0,
    1.0,
    1.0,
    1.0,
    1.0,
    1.0,
    1.0,
    1.0,
    1.0,
    1.0,
    1.0,
    1.0,
    1.0,
    1.0,
    1.0,
    1.0,
    1.0,
    1.0,
    1.0,
    1.0,
    1.0,
    1.0,
    1.0,
    1.0,
    1.0,
    1.0,
    1.0,
    1.0,
    1.0,
    1.0,
    1.0,
    1.0,
    1.0,
    1.0,
    1.0,
    1.0,
    1.0,
    1.0,
    1.0,
    1.0,
    1.0,
    1.0,
    1.0,
    1.0,
    1.0,
    1.0,
    1.0,
    1.0,
    1.0,
    1.0,
    1.0,
    1.0,
    1.0,
    1.0,
    1.0,
    1.0,
    1.0,
    1.0,
    1.0,
    1.0,
    1.0
  ],
  "policy_losses": [
    -0.007151944190263748
  ],
  "value_losses": [
    484.7999489605427
  ],
  "entropies": [
    1.8417332228273153
  ],
  "best_reward": -Infinity,
  "best_success_rate": 0.0
}