{
  "episode_rewards": [
    -107.73769484823302,
    -139.79529081606785,
    -116.58304717676238,
    -110.22744802995072,
    -106.9695624448788,
    -81.3939807673195,
    -110.23757494930337,
    -68.85346674840642,
    -103.64529086415682
  ],
  "episode_lengths": [
    68,
    308,
    92,
    63,
    52,
    500,
    83,
    500,
    39
  ],
  "episode_successes": [
    0.0,
    0.0,
    0.0,
    0.0,
    0.0,
    0.0,
    0.0,
    0.0,
    0.0
  ],
  "episode_collisions": [
    1.0,
    1.0,
    1.0,
    1.0,
    1.0,
    0.0,
    1.0,
    0.0,
    1.0
  ],
  "policy_losses": [],
  "value_losses": [],
  "entropies": [],
  "best_reward": -Infinity,
  "best_success_rate": 0.0
}